Project_Title,Media_Outlet,Evidence_Link,Snippet,Search_Query,Action
Seeing What Farmers Can’t: Taiwanese AI System Brings Underwater...,businessnewsthisweek.com,https://businessnewsthisweek.com/technology/seeing-what-farmers-cant-taiwanese-ai-system-brings-underwater-intelligence-to-shrimp-farming/,"Seeing What Farmers Can't: Taiwanese AI System Brings Underwater Intelligence to Shrimp Farming. April 25, 2026 Neel Achary technology 0. Kaohsiung, Taiwan ...","""Seeing What Farmers Can’t: Taiwanese AI System Brings Underwater...""",Ready for Screenshot
Seeing What Farmers Can’t: Taiwanese AI System Brings Underwater...,X · newswise,https://x.com/newswise,Seeing What Farmers Can't: Taiwanese AI System Brings Underwater Intelligence to Shrimp Farming |... Researchers at National Sun Yat-sen University (NSYSU) have ...,"""Seeing What Farmers Can’t: Taiwanese AI System Brings Underwater...""",Ready for Screenshot
What Makes Skin “Healthy”? A Taiwanese Researcher Works to Put Numbers...,Medbound Times,https://www.medboundtimes.com/fitness-and-wellness/what-makes-skin-healthy-taiwanese-researcher-data-study,What Makes Skin “Healthy”? A Taiwanese Researcher Works to Put Numbers Behind Beauty. A new optical technology aims to turn skin health from subjective ...,"""What Makes Skin “Healthy”? A Taiwanese Researcher Works to Put Numbers...""",Ready for Screenshot
What Makes Skin “Healthy”? A Taiwanese Researcher Works to Put Numbers...,jayfsullivanmd.com,http://jayfsullivanmd.com/PatientPortal/MyPractice.aspx?UAID=%7BCFEB0AA8-1639-4470-A6B5-19C34F62F882%7D&TabID=%7BX%7D&ArticleID=NW-845364,"What Makes Skin ""Healthy""? A Taiwanese Researcher Works to Put Numbers Behind Beauty. ""Many skin care products promise visible improvements, but proving ...","""What Makes Skin “Healthy”? A Taiwanese Researcher Works to Put Numbers...""",Ready for Screenshot
What Makes Skin “Healthy”? A Taiwanese Researcher Works to Put Numbers...,markkosinsmd.com,http://www.markkosinsmd.com/PatientPortal/MyPractice.aspx?UAID=%7BBBAE39F8-5122-4ABE-8747-226F0E09FB70%7D&TabID=%7BX%7D&ArticleID=NW-845364,"What Makes Skin ""Healthy""? A Taiwanese Researcher Works to Put Numbers Behind Beauty. ""Many skin care products promise visible improvements, but proving ...","""What Makes Skin “Healthy”? A Taiwanese Researcher Works to Put Numbers...""",Ready for Screenshot
What Makes Skin “Healthy”? A Taiwanese Researcher Works to Put Numbers...,completefamilycareny.com,https://www.completefamilycareny.com/PatientPortal/MyPractice.aspx?UAID=%7B2F9F56E9-A172-4A93-9A0B-26748504C001%7D&TabID=%7BX%7D&ArticleID=NW-845364,"What Makes Skin ""Healthy""? A Taiwanese Researcher Works to Put Numbers Behind Beauty. ""Many skin care products promise visible improvements, but proving ...","""What Makes Skin “Healthy”? A Taiwanese Researcher Works to Put Numbers...""",Ready for Screenshot
What Makes Skin “Healthy”? A Taiwanese Researcher Works to Put Numbers...,angellstreetpsychiatry.com,http://angellstreetpsychiatry.com/PatientPortal/MyPractice.aspx?UAID=%7B1EAC0D88-68E5-4034-88CC-0458E17E0CEF%7D&TabID=%7BX%7D&ArticleID=NW-845364,"What Makes Skin ""Healthy""? A Taiwanese Researcher Works to Put Numbers Behind Beauty. ""Many skin care products promise visible improvements, but proving ...","""What Makes Skin “Healthy”? A Taiwanese Researcher Works to Put Numbers...""",Ready for Screenshot
What Makes Skin “Healthy”? A Taiwanese Researcher Works to Put Numbers...,Patient Pulse,https://www.healthbanks.com/PatientPortal/MyPractice.aspx?UAID=%7BCA2E7E29-3E7F-46E6-9ECE-F2A9BC035B4B%7D&TabID=%7BX%7D&ArticleID=NW-845364,"What Makes Skin ""Healthy""? A Taiwanese Researcher Works to Put Numbers Behind Beauty. ""Many skin care products promise visible improvements, but proving ...","""What Makes Skin “Healthy”? A Taiwanese Researcher Works to Put Numbers...""",Ready for Screenshot
What Makes Skin “Healthy”? A Taiwanese Researcher Works to Put Numbers...,Watertown Internists,https://www.watertowninternists.com/PatientPortal/MyPractice.aspx?UAID=%7B1F0B178A-3AEA-4AA9-A522-66DF51B97645%7D&TabID=%7BX%7D&ArticleID=NW-845364,"What Makes Skin ""Healthy""? A Taiwanese Researcher Works to Put Numbers Behind Beauty. ""Many skin care products promise visible improvements, but proving ...","""What Makes Skin “Healthy”? A Taiwanese Researcher Works to Put Numbers...""",Ready for Screenshot
What Makes Skin “Healthy”? A Taiwanese Researcher Works to Put Numbers...,jayfsullivanmd.com,http://www.jayfsullivanmd.com/PatientPortal/MyPractice.aspx?UAID=%7BCFEB0AA8-1639-4470-A6B5-19C34F62F882%7D&TabID=%7BX%7D&ArticleID=NW-845364,"What Makes Skin ""Healthy""? A Taiwanese Researcher Works to Put Numbers Behind Beauty. ""Many skin care products promise visible improvements, but proving ...","""What Makes Skin “Healthy”? A Taiwanese Researcher Works to Put Numbers...""",Ready for Screenshot
Taiwanese Researchers Design Bone-Compatible Metals That Reduce Implant...,jayfsullivanmd.com,http://www.jayfsullivanmd.com/PatientPortal/MyPractice.aspx?UAID=%7BCFEB0AA8-1639-4470-A6B5-19C34F62F882%7D&TabID=%7BX%7D&ArticleID=NW-845365,"Taiwanese Researchers Design Bone-Compatible Metals That Reduce Implant Failure Risk. ""Most medical implants are designed to be strong, but strength alone ...","""Taiwanese Researchers Design Bone-Compatible Metals That Reduce Implant...""",Ready for Screenshot
Taiwanese Researchers Design Bone-Compatible Metals That Reduce Implant...,markkosinsmd.com,http://www.markkosinsmd.com/PatientPortal/MyPractice.aspx?UAID=%7BBBAE39F8-5122-4ABE-8747-226F0E09FB70%7D&TabID=%7BX%7D&ArticleID=NW-845365,"Taiwanese Researchers Design Bone-Compatible Metals That Reduce Implant Failure Risk. ""Most medical implants are designed to be strong, but strength alone ...","""Taiwanese Researchers Design Bone-Compatible Metals That Reduce Implant...""",Ready for Screenshot
Taiwanese Researchers Design Bone-Compatible Metals That Reduce Implant...,Patient Pulse,https://www.healthbanks.com/PatientPortal/MyPractice.aspx?UAID=%7B3EB6A821-EC84-4DCB-93B0-6E7711065486%7D&TabID=%7BX%7D&ArticleID=NW-845365,"Taiwanese Researchers Design Bone-Compatible Metals That Reduce Implant Failure Risk. ""Most medical implants are designed to be strong, but strength alone ...","""Taiwanese Researchers Design Bone-Compatible Metals That Reduce Implant...""",Ready for Screenshot
Taiwanese Researchers Design Bone-Compatible Metals That Reduce Implant...,Watertown Internists,https://www.watertowninternists.com/PatientPortal/MyPractice.aspx?UAID=%7B3C7DCB0A-303F-408F-B4FE-7BE705956F23%7D&TabID=%7BX%7D&ArticleID=NW-845365,"Taiwanese Researchers Design Bone-Compatible Metals That Reduce Implant Failure Risk. ""Most medical implants are designed to be strong, but strength alone ...","""Taiwanese Researchers Design Bone-Compatible Metals That Reduce Implant...""",Ready for Screenshot
Taiwanese Researchers Design Bone-Compatible Metals That Reduce Implant...,completefamilycareny.com,https://www.completefamilycareny.com/PatientPortal/MyPractice.aspx?UAID=%7B2F9F56E9-A172-4A93-9A0B-26748504C001%7D&TabID=%7BX%7D&ArticleID=NW-845365,"Taiwanese Researchers Design Bone-Compatible Metals That Reduce Implant Failure Risk. ""Most medical implants are designed to be strong, but strength alone ...","""Taiwanese Researchers Design Bone-Compatible Metals That Reduce Implant...""",Ready for Screenshot
Taiwanese Researchers Design Bone-Compatible Metals That Reduce Implant...,Dobbs Ferry Pharmacy,https://www.dobbsferrypharmacy.com/PatientPortal/MyPractice.aspx?UAID=C02C9140-EE45-4012-81AE-26B3E0C445ED&TabID=%7BX%7D&ArticleID=NW-845365,"Taiwanese Researchers Design Bone-Compatible Metals That Reduce Implant Failure Risk. ""Most medical implants are designed to be strong, but strength alone ...","""Taiwanese Researchers Design Bone-Compatible Metals That Reduce Implant...""",Ready for Screenshot
Taiwanese Researchers Design Bone-Compatible Metals That Reduce Implant...,jayfsullivanmd.com,http://jayfsullivanmd.com/PatientPortal/MyPractice.aspx?UAID=%7BCFEB0AA8-1639-4470-A6B5-19C34F62F882%7D&TabID=%7BX%7D&ArticleID=NW-845365,"Taiwanese Researchers Design Bone-Compatible Metals That Reduce Implant Failure Risk. ""Most medical implants are designed to be strong, but strength alone ...","""Taiwanese Researchers Design Bone-Compatible Metals That Reduce Implant...""",Ready for Screenshot
Taiwanese Researchers Design Bone-Compatible Metals That Reduce Implant...,Wheatfield Pediatrics,https://www.wheatfieldpediatrics.com/PatientPortal/MyPractice.aspx?UAID=%7BD98EA5A3-84BB-42E5-A5D8-42A81EAB2BF6%7D&TabID=%7BX%7D&ArticleID=NW-845365,"Taiwanese Researchers Design Bone-Compatible Metals That Reduce Implant Failure Risk. ""Most medical implants are designed to be strong, but strength alone ...","""Taiwanese Researchers Design Bone-Compatible Metals That Reduce Implant...""",Ready for Screenshot
From Harsh Environments to the Field: Taiwan Develops a Practical...,businessnewsthisweek.com,https://businessnewsthisweek.com/technology/4-foolproof-ai-image-generation-tools-for-creative-businesses/,From Harsh Environments to the Field: Taiwan Develops a Practical Biological Pesticide. News in Pictures. A creative concept of an AI image ...,"""From Harsh Environments to the Field: Taiwan Develops a Practical...""",Ready for Screenshot
Taiwanese Researchers Develop Gentle Afterglow Plasma Device to Improve...,jayfsullivanmd.com,http://www.jayfsullivanmd.com/PatientPortal/MyPractice.aspx?UAID=%7BCFEB0AA8-1639-4470-A6B5-19C34F62F882%7D&TabID=%7BX%7D&ArticleID=NW-844783,"Taiwanese Researchers Develop Gentle Afterglow Plasma Device to Improve Healing of Chronic Wounds. ""Chronic wounds are among the most stubborn and costly ...","""Taiwanese Researchers Develop Gentle Afterglow Plasma Device to Improve...""",Ready for Screenshot
Taiwanese Researchers Develop Gentle Afterglow Plasma Device to Improve...,drdeguzman.com,https://www.drdeguzman.com/PatientPortal/MyPractice.aspx?UAID=%7BA4570A36-6651-420C-A708-E5DD86940C4A%7D&TabID=%7BX%7D&ArticleID=NW-844783,"Taiwanese Researchers Develop Gentle Afterglow Plasma Device to Improve Healing of Chronic Wounds. ""Chronic wounds are among the most stubborn and costly ...","""Taiwanese Researchers Develop Gentle Afterglow Plasma Device to Improve...""",Ready for Screenshot
Taiwanese Researchers Develop Gentle Afterglow Plasma Device to Improve...,jayfsullivanmd.com,http://jayfsullivanmd.com/PatientPortal/MyPractice.aspx?UAID=%7BCFEB0AA8-1639-4470-A6B5-19C34F62F882%7D&TabID=%7BX%7D&ArticleID=NW-844783,"Taiwanese Researchers Develop Gentle Afterglow Plasma Device to Improve Healing of Chronic Wounds. ""Chronic wounds are among the most stubborn and costly ...","""Taiwanese Researchers Develop Gentle Afterglow Plasma Device to Improve...""",Ready for Screenshot
Taiwanese Researchers Develop Gentle Afterglow Plasma Device to Improve...,digestivehealthcarewatertown.com,http://www.digestivehealthcarewatertown.com/PatientPortal/MyPractice.aspx?UAID=%7B3EB6A821-EC84-4DCB-93B0-6E7711065486%7D&TabID=%7BX%7D&ArticleID=NW-844783,"Taiwanese Researchers Develop Gentle Afterglow Plasma Device to Improve Healing of Chronic Wounds. ""Chronic wounds are among the most stubborn and costly ...","""Taiwanese Researchers Develop Gentle Afterglow Plasma Device to Improve...""",Ready for Screenshot
Taiwanese Researchers Develop Gentle Afterglow Plasma Device to Improve...,markkosinsmd.com,http://www.markkosinsmd.com/PatientPortal/MyPractice.aspx?UAID=%7BBBAE39F8-5122-4ABE-8747-226F0E09FB70%7D&TabID=%7BX%7D&ArticleID=NW-844783,"Taiwanese Researchers Develop Gentle Afterglow Plasma Device to Improve Healing of Chronic Wounds. ""Chronic wounds are among the most stubborn and costly ...","""Taiwanese Researchers Develop Gentle Afterglow Plasma Device to Improve...""",Ready for Screenshot
Taiwanese Researchers Develop Gentle Afterglow Plasma Device to Improve...,Patient Pulse,https://www.healthbanks.com/PatientPortal/MyPractice.aspx?UAID=%7BDF0DAC52-E107-4CEB-A3C2-C9020F35D7A8%7D&TabID=%7BX%7D&ArticleID=NW-844783,"Taiwanese Researchers Develop Gentle Afterglow Plasma Device to Improve Healing of Chronic Wounds. ""Chronic wounds are among the most stubborn and costly ...","""Taiwanese Researchers Develop Gentle Afterglow Plasma Device to Improve...""",Ready for Screenshot
Taiwanese Researchers Develop Gentle Afterglow Plasma Device to Improve...,angellstreetpsychiatry.com,https://www.angellstreetpsychiatry.com/PatientPortal/MyPractice.aspx?UAID=%7B1EAC0D88-68E5-4034-88CC-0458E17E0CEF%7D&TabID=%7BX%7D&ArticleID=NW-844783,"Taiwanese Researchers Develop Gentle Afterglow Plasma Device to Improve Healing of Chronic Wounds. ""Chronic wounds are among the most stubborn and costly ...","""Taiwanese Researchers Develop Gentle Afterglow Plasma Device to Improve...""",Ready for Screenshot
Taiwanese Researchers Develop Gentle Afterglow Plasma Device to Improve...,completefamilycareny.com,https://www.completefamilycareny.com/PatientPortal/MyPractice.aspx?UAID=%7B2F9F56E9-A172-4A93-9A0B-26748504C001%7D&TabID=%7BX%7D&ArticleID=NW-844783,"Taiwanese Researchers Develop Gentle Afterglow Plasma Device to Improve Healing of Chronic Wounds. ""Chronic wounds are among the most stubborn and costly ...","""Taiwanese Researchers Develop Gentle Afterglow Plasma Device to Improve...""",Ready for Screenshot
Taiwanese Researchers Develop Gentle Afterglow Plasma Device to Improve...,Watertown Internists,https://www.watertowninternists.com/PatientPortal/MyPractice.aspx?UAID=%7B3C7DCB0A-303F-408F-B4FE-7BE705956F23%7D&TabID=%7BX%7D&ArticleID=NW-844783,"Taiwanese Researchers Develop Gentle Afterglow Plasma Device to Improve Healing of Chronic Wounds. ""Chronic wounds are among the most stubborn and costly ...","""Taiwanese Researchers Develop Gentle Afterglow Plasma Device to Improve...""",Ready for Screenshot
Taiwan Research Uses Deep Ocean Water to Enhance Fermentation for Future...,ScienceDirect.com,https://www.sciencedirect.com/science/article/pii/S2405844024070622,"This study investigates the effects of DOW on yeast growth, alcohol dehydrogenase activity, and the biological absorption of mineral ions by the yeast.",Taiwan Research Uses Deep Ocean Water to Enhance Fermentation for Future...,Ready for Screenshot
Taiwan Research Uses Deep Ocean Water to Enhance Fermentation for Future...,National Institutes of Health (.gov),https://pmc.ncbi.nlm.nih.gov/articles/PMC11109828/,"This study investigates the effects of DOW on yeast growth, alcohol dehydrogenase activity, and the biological absorption of mineral ions by the yeast.",Taiwan Research Uses Deep Ocean Water to Enhance Fermentation for Future...,Ready for Screenshot
Taiwan Research Uses Deep Ocean Water to Enhance Fermentation for Future...,Cell Press,https://www.cell.com/heliyon/fulltext/S2405-8440(24)07062-2,"This study investigates the effects of DOW on yeast growth, alcohol dehydrogenase activity, and the biological absorption of mineral ions by the yeast.",Taiwan Research Uses Deep Ocean Water to Enhance Fermentation for Future...,Ready for Screenshot
Taiwan Research Uses Deep Ocean Water to Enhance Fermentation for Future...,ResearchGate,https://www.researchgate.net/publication/380572143_Utilizing_deep_ocean_water_in_yeast_fermentation_for_enhanced_mineral-rich_biomass_production_and_fermentative_regulation_by_proteomics_modulation,"Deep ocean water (DOW) with rich inorganic salts and minerals was proven to promote fungi growth and metabolism. Cordyceps cicada, a functional ...",Taiwan Research Uses Deep Ocean Water to Enhance Fermentation for Future...,Ready for Screenshot
Taiwan Research Uses Deep Ocean Water to Enhance Fermentation for Future...,National Institutes of Health (.gov),https://pubmed.ncbi.nlm.nih.gov/38778955/,Utilizing deep ocean water in yeast fermentation for enhanced mineral-rich biomass production and fermentative regulation by proteomics ...,Taiwan Research Uses Deep Ocean Water to Enhance Fermentation for Future...,Ready for Screenshot
Taiwan Research Uses Deep Ocean Water to Enhance Fermentation for Future...,Cell Press,https://www.cell.com/heliyon/fulltext/S2405-8440%2824%2907062-2,Deep Ocean Water improves Saccharomyces cerevisiae growth and mineral uptake. •. DOW enhances yeast fermentation efficiency. •. Minerals from DOW alter yeast ...,Taiwan Research Uses Deep Ocean Water to Enhance Fermentation for Future...,Ready for Screenshot
How Taiwan Is Reclaiming Its Wine Identity—Through Climate-Adaptive...,X · GrapeResearch,https://x.com/GrapeResearch,"How Taiwan Is Reclaiming Its Wine Identity—Through Climate-Adaptive Science and Terroir-Driven... “Taiwan is rarely associated with fine wine, largely ...","""How Taiwan Is Reclaiming Its Wine Identity—Through Climate-Adaptive...""",Ready for Screenshot
How Taiwan Is Reclaiming Its Wine Identity—Through Climate-Adaptive...,Wine Industry Insight,https://www.wineindustryinsight.com/p/vines-emerge-from-dormancy-2-to-3-weeks-ahead-of-normal-in-the-south-of-france-prompting-early-fears,Sell More Now With Enolytics' Cathy Huyghe (Podcast) · How Taiwan Is Reclaiming Its Wine Identity—Through Climate-Adaptive Science and Terroir ...,"""How Taiwan Is Reclaiming Its Wine Identity—Through Climate-Adaptive...""",Ready for Screenshot
Taiwan Professor Helps Transport and City Communities Treat Vehicle Data as...,X,https://x.com/thepostdoctoral/status/2030401969932619934,Taiwan Professor Helps Transport and City Communities Treat Vehicle Data as a “Shared Diary” for... ... “As vehicles generate ever-growing amounts of driving data ...,"""Taiwan Professor Helps Transport and City Communities Treat Vehicle Data as...""",Ready for Screenshot
Taiwan Professor Helps Transport and City Communities Treat Vehicle Data as...,businessnewsthisweek.com,https://businessnewsthisweek.com/business/taiwan-professor-helps-transport-and-city-communities-treat-vehicle-data-as-a-shared-diary-for-safer-smarter-transport/,"Taiwan Professor Helps Transport and City Communities Treat Vehicle Data as a “Shared Diary” for Safer, Smarter Transport. March 7, 2026 Neel Achary business 0.","""Taiwan Professor Helps Transport and City Communities Treat Vehicle Data as...""",Ready for Screenshot
Taiwan Professor Helps Transport and City Communities Treat Vehicle Data as...,littlebytesnews.com,https://www.littlebytesnews.com/2026/03/taiwan-professor-helps-transport-and.html,"Taiwan Professor Helps Transport and City Communities Treat Vehicle Data as a ""Shared Diary"" for Safer, Smarter Transport. Newswise — Connected vehicles ...","""Taiwan Professor Helps Transport and City Communities Treat Vehicle Data as...""",Ready for Screenshot
Taiwan Researchers Develop Fluorescent Imaging That Could Make Tumor-Guided...,drdeguzman.com,https://www.drdeguzman.com/PatientPortal/MyPractice.aspx?UAID=%7BA4570A36-6651-420C-A708-E5DD86940C4A%7D&TabID=%7BX%7D&ArticleID=NW-844545,"Taiwan Researchers Develop Fluorescent Imaging That Could Make Tumor-Guided Surgery Easier to Adopt. ""Seeing where a tumor ends, and healthy tissue begins ...","""Taiwan Researchers Develop Fluorescent Imaging That Could Make Tumor-Guided...""",Ready for Screenshot
Taiwan Researchers Develop Fluorescent Imaging That Could Make Tumor-Guided...,Watertown Internists,https://www.watertowninternists.com/PatientPortal/MyPractice.aspx?UAID=%7B1F0B178A-3AEA-4AA9-A522-66DF51B97645%7D&TabID=%7BX%7D&ArticleID=NW-844545,"Taiwan Researchers Develop Fluorescent Imaging That Could Make Tumor-Guided Surgery Easier to Adopt. ""Seeing where a tumor ends, and healthy ...","""Taiwan Researchers Develop Fluorescent Imaging That Could Make Tumor-Guided...""",Ready for Screenshot
Taiwan Researchers Develop Fluorescent Imaging That Could Make Tumor-Guided...,digestivehealthcarewatertown.com,http://www.digestivehealthcarewatertown.com/PatientPortal/MyPractice.aspx?UAID=%7B3EB6A821-EC84-4DCB-93B0-6E7711065486%7D&TabID=%7BX%7D&ArticleID=NW-844545,"Taiwan Researchers Develop Fluorescent Imaging That Could Make Tumor-Guided Surgery Easier to Adopt. ""Seeing where a tumor ends, and healthy tissue begins ...","""Taiwan Researchers Develop Fluorescent Imaging That Could Make Tumor-Guided...""",Ready for Screenshot
Taiwan Researchers Develop Fluorescent Imaging That Could Make Tumor-Guided...,Patient Pulse,https://www.healthbanks.com/PatientPortal/MyPractice.aspx?UAID=%7BDF0DAC52-E107-4CEB-A3C2-C9020F35D7A8%7D&TabID=%7BX%7D&ArticleID=NW-844545,"Taiwan Researchers Develop Fluorescent Imaging That Could Make Tumor-Guided Surgery Easier to Adopt. ""Seeing where a tumor ends, and healthy tissue begins ...","""Taiwan Researchers Develop Fluorescent Imaging That Could Make Tumor-Guided...""",Ready for Screenshot
Taiwan Researchers Develop Fluorescent Imaging That Could Make Tumor-Guided...,completefamilycareny.com,https://www.completefamilycareny.com/PatientPortal/MyPractice.aspx?UAID=%7B2F9F56E9-A172-4A93-9A0B-26748504C001%7D&TabID=%7BX%7D&ArticleID=NW-844545,"Taiwan Researchers Develop Fluorescent Imaging That Could Make Tumor-Guided Surgery Easier to Adopt. ""Seeing where a tumor ends, and healthy tissue begins ...","""Taiwan Researchers Develop Fluorescent Imaging That Could Make Tumor-Guided...""",Ready for Screenshot
Taiwan Researchers Develop Fluorescent Imaging That Could Make Tumor-Guided...,Wheatfield Pediatrics,https://www.wheatfieldpediatrics.com/PatientPortal/MyPractice.aspx?UAID=%7BD98EA5A3-84BB-42E5-A5D8-42A81EAB2BF6%7D&TabID=%7BX%7D&ArticleID=NW-844545,"Taiwan Researchers Develop Fluorescent Imaging That Could Make Tumor-Guided Surgery Easier to Adopt. ""Seeing where a tumor ends, and healthy tissue begins ...","""Taiwan Researchers Develop Fluorescent Imaging That Could Make Tumor-Guided...""",Ready for Screenshot
Taiwan Researchers Develop Fluorescent Imaging That Could Make Tumor-Guided...,Dobbs Ferry Pharmacy,https://www.dobbsferrypharmacy.com/PatientPortal/MyPractice.aspx?UAID=C02C9140-EE45-4012-81AE-26B3E0C445ED&TabID=%7BX%7D&ArticleID=NW-844545,"Taiwan Researchers Develop Fluorescent Imaging That Could Make Tumor-Guided Surgery Easier to Adopt. ""Seeing where a tumor ends, and healthy ...","""Taiwan Researchers Develop Fluorescent Imaging That Could Make Tumor-Guided...""",Ready for Screenshot
"Taiwanese Researchers Develop a Faster, Non-Genetically Modified Way to...",drdeguzman.com,https://www.drdeguzman.com/PatientPortal/MyPractice.aspx?UAID=%7BA4570A36-6651-420C-A708-E5DD86940C4A%7D&TabID=%7BX%7D&ArticleID=NW-843992,"Taiwanese Researchers Develop a Faster, Non-Genetically Modified Way to Grow Viruses for Animal Vaccines. ""Before a vaccine can protect animals, the virus ...","""Taiwanese Researchers Develop a Faster, Non-Genetically Modified Way to...""",Ready for Screenshot
"Taiwanese Researchers Develop a Faster, Non-Genetically Modified Way to...",jayfsullivanmd.com,http://www.jayfsullivanmd.com/PatientPortal/MyPractice.aspx?UAID=%7BCFEB0AA8-1639-4470-A6B5-19C34F62F882%7D&TabID=%7BX%7D&ArticleID=NW-843992,"Taiwanese Researchers Develop a Faster, Non-Genetically Modified Way to Grow Viruses for Animal Vaccines. ""Before a vaccine can protect animals, the virus ...","""Taiwanese Researchers Develop a Faster, Non-Genetically Modified Way to...""",Ready for Screenshot
"Taiwanese Researchers Develop a Faster, Non-Genetically Modified Way to...",digestivehealthcarewatertown.com,http://www.digestivehealthcarewatertown.com/PatientPortal/MyPractice.aspx?UAID=%7B3EB6A821-EC84-4DCB-93B0-6E7711065486%7D&TabID=%7BX%7D&ArticleID=NW-843992,"Taiwanese Researchers Develop a Faster, Non-Genetically Modified Way to Grow Viruses for Animal Vaccines. ""Before a vaccine can protect animals, the virus ...","""Taiwanese Researchers Develop a Faster, Non-Genetically Modified Way to...""",Ready for Screenshot
"Taiwanese Researchers Develop a Faster, Non-Genetically Modified Way to...",Patient Pulse,https://www.healthbanks.com/PatientPortal/MyPractice.aspx?UAID=%7BDF0DAC52-E107-4CEB-A3C2-C9020F35D7A8%7D&TabID=%7BX%7D&ArticleID=NW-843992,"Taiwanese Researchers Develop a Faster, Non-Genetically Modified Way to Grow Viruses for Animal Vaccines. ""Before a vaccine can protect animals, the virus ...","""Taiwanese Researchers Develop a Faster, Non-Genetically Modified Way to...""",Ready for Screenshot
"Taiwanese Researchers Develop a Faster, Non-Genetically Modified Way to...",markkosinsmd.com,http://markkosinsmd.com/PatientPortal/MyPractice.aspx?UAID=%7BBBAE39F8-5122-4ABE-8747-226F0E09FB70%7D&TabID=%7BX%7D&ArticleID=NW-843992,"Taiwanese Researchers Develop a Faster, Non-Genetically Modified Way to Grow Viruses for Animal Vaccines. ""Before a vaccine can protect animals, the virus ...","""Taiwanese Researchers Develop a Faster, Non-Genetically Modified Way to...""",Ready for Screenshot
"Taiwanese Researchers Develop a Faster, Non-Genetically Modified Way to...",Watertown Internists,https://www.watertowninternists.com/PatientPortal/MyPractice.aspx?UAID=%7B1F0B178A-3AEA-4AA9-A522-66DF51B97645%7D&TabID=%7BX%7D&ArticleID=NW-843992,"Taiwanese Researchers Develop a Faster, Non-Genetically Modified Way to Grow Viruses for Animal Vaccines. ""Before a vaccine can protect animals, the virus ...","""Taiwanese Researchers Develop a Faster, Non-Genetically Modified Way to...""",Ready for Screenshot
"Taiwanese Researchers Develop a Faster, Non-Genetically Modified Way to...",angellstreetpsychiatry.com,https://www.angellstreetpsychiatry.com/PatientPortal/MyPractice.aspx?UAID=%7B1EAC0D88-68E5-4034-88CC-0458E17E0CEF%7D&TabID=%7BX%7D&ArticleID=NW-843992,"Taiwanese Researchers Develop a Faster, Non-Genetically Modified Way to Grow Viruses for Animal Vaccines. ""Before a vaccine can protect animals, the virus ...","""Taiwanese Researchers Develop a Faster, Non-Genetically Modified Way to...""",Ready for Screenshot
"Taiwanese Researchers Develop a Faster, Non-Genetically Modified Way to...",completefamilycareny.com,https://www.completefamilycareny.com/PatientPortal/MyPractice.aspx?UAID=%7B2F9F56E9-A172-4A93-9A0B-26748504C001%7D&TabID=%7BX%7D&ArticleID=NW-843992,"Taiwanese Researchers Develop a Faster, Non-Genetically Modified Way to Grow Viruses for Animal Vaccines. ""Before a vaccine can protect animals, the virus ...","""Taiwanese Researchers Develop a Faster, Non-Genetically Modified Way to...""",Ready for Screenshot
"Taiwanese Researchers Develop a Faster, Non-Genetically Modified Way to...",Dobbs Ferry Pharmacy,http://dobbsferrypharmacy.com/PatientPortal/MyPractice.aspx?UAID=C02C9140-EE45-4012-81AE-26B3E0C445ED&TabID=%7BX%7D&ArticleID=NW-843992,"Taiwanese Researchers Develop a Faster, Non-Genetically Modified Way to Grow Viruses for Animal Vaccines. ""Before a vaccine can protect animals, the virus ...","""Taiwanese Researchers Develop a Faster, Non-Genetically Modified Way to...""",Ready for Screenshot
"Taiwanese Researchers Develop a Faster, Non-Genetically Modified Way to...",Patient Pulse,https://www.healthbanks.com/PatientPortal/MyPractice.aspx?UAID=%7BBBAE39F8-5122-4ABE-8747-226F0E09FB70%7D&TabID=%7BX%7D&ArticleID=NW-843992,"Taiwanese Researchers Develop a Faster, Non-Genetically Modified Way to Grow Viruses for Animal Vaccines. ""Before a vaccine can protect animals, the virus ...","""Taiwanese Researchers Develop a Faster, Non-Genetically Modified Way to...""",Ready for Screenshot
A Silicon Photonic Chip That Helps Drones Know Which Way They’re Turning...,MSN,https://www.msn.com/en-us/news/technology/new-silicon-photonics-lidar-chip-widens-autonomous-vehicle-vision-without-moving-parts/ar-AA22D8bA?ocid=BingNewsVerp,"MIT researchers have developed a new silicon-photonics chip design that could make lidar systems smaller, tougher, and more accurate.",A Silicon Photonic Chip That Helps Drones Know Which Way They’re Turning...,Ready for Screenshot
A Silicon Photonic Chip That Helps Drones Know Which Way They’re Turning...,IEEE Spectrum,https://spectrum.ieee.org/optical-gyroscopes-on-chip,"As GPS vulnerabilities become more pronounced, companies are developing solid-state gyroscopes for reliable navigation.",A Silicon Photonic Chip That Helps Drones Know Which Way They’re Turning...,Ready for Screenshot
A Silicon Photonic Chip That Helps Drones Know Which Way They’re Turning...,Instagram · digitalleaderspakistan,https://www.instagram.com/p/DYHLK8wgTpk/,"@mit researchers just developed a silicon-photonics chip that makes lidar systems smaller, tougher, and more accurate.",A Silicon Photonic Chip That Helps Drones Know Which Way They’re Turning...,Ready for Screenshot
A Silicon Photonic Chip That Helps Drones Know Which Way They’re Turning...,University of Rochester,https://www.rochester.edu/newscenter/drones-weak-value-amplification-photonic-chip-570902/,Researchers at University of Rochester are developing photonic chips that could replace the gyroscopes currently used in unmanned aerial vehicles or drones.,A Silicon Photonic Chip That Helps Drones Know Which Way They’re Turning...,Ready for Screenshot
A Silicon Photonic Chip That Helps Drones Know Which Way They’re Turning...,Reddit · r/Futurology,https://www.reddit.com/r/Futurology/comments/1d8s5gd/dumb_drones_get_smart_worlds_1st_navigation_tech/,The circuits developed by Montreal-based One Silicon Chip Photonics (OSCP) offer highly accurate navigation even without GPS signals.,A Silicon Photonic Chip That Helps Drones Know Which Way They’re Turning...,Ready for Screenshot
A Silicon Photonic Chip That Helps Drones Know Which Way They’re Turning...,GPS World,https://www.gpsworld.com/anellos-silicon-photonics-optical-gyroscope-is-enabling-gps-free-navigation/,ANELLO's silicon photonics optical gyroscope is enabling GPS-free navigation ... SiPHOG makes it possible to deliver high-precision optical ...,A Silicon Photonic Chip That Helps Drones Know Which Way They’re Turning...,Ready for Screenshot
Switching Immunotherapy On Only Where It Matters: A Smarter Path to Safer...,FirstWord Pharma,https://firstwordpharma.com/story/7095310,Switching Immunotherapy On Only Where It Matters: A Smarter Path to Safer Cancer Treatment. Press Release. By: Ref: Newswise. Published: 02/06 ...,"""Switching Immunotherapy On Only Where It Matters: A Smarter Path to Safer...""",Ready for Screenshot
Switching Immunotherapy On Only Where It Matters: A Smarter Path to Safer...,angellstreetpsychiatry.com,https://www.angellstreetpsychiatry.com/PatientPortal/MyPractice.aspx?UAID=%7B1EAC0D88-68E5-4034-88CC-0458E17E0CEF%7D&TabID=%7BX%7D&ArticleID=NW-842910,"Switching Immunotherapy On Only Where It Matters: A Smarter Path to Safer Cancer Treatment. ""Cancer immunotherapy has transformed treatment for many patients ...","""Switching Immunotherapy On Only Where It Matters: A Smarter Path to Safer...""",Ready for Screenshot
Switching Immunotherapy On Only Where It Matters: A Smarter Path to Safer...,Watertown Internists,https://www.watertowninternists.com/PatientPortal/MyPractice.aspx?UAID=%7B1F0B178A-3AEA-4AA9-A522-66DF51B97645%7D&TabID=%7BX%7D&ArticleID=NW-842910,"Switching Immunotherapy On Only Where It Matters: A Smarter Path to Safer Cancer Treatment. ""Cancer immunotherapy has transformed treatment for many patients ...","""Switching Immunotherapy On Only Where It Matters: A Smarter Path to Safer...""",Ready for Screenshot
Switching Immunotherapy On Only Where It Matters: A Smarter Path to Safer...,completefamilycareny.com,https://www.completefamilycareny.com/PatientPortal/MyPractice.aspx?UAID=%7B2F9F56E9-A172-4A93-9A0B-26748504C001%7D&TabID=%7BX%7D&ArticleID=NW-842910,"Switching Immunotherapy On Only Where It Matters: A Smarter Path to Safer Cancer Treatment. ""Cancer immunotherapy has transformed treatment for many patients ...","""Switching Immunotherapy On Only Where It Matters: A Smarter Path to Safer...""",Ready for Screenshot
Switching Immunotherapy On Only Where It Matters: A Smarter Path to Safer...,crossroadspsychiatric.com,https://www.crossroadspsychiatric.com/PatientPortal/MyPractice.aspx?UAID=%7BDF2333FA-899B-4D06-ADFA-D1EF0658599C%7D&TabID=%7BX%7D&ArticleID=NW-842910,"Switching Immunotherapy On Only Where It Matters: A Smarter Path to Safer Cancer Treatment. ""Cancer immunotherapy has transformed treatment for many patients ...","""Switching Immunotherapy On Only Where It Matters: A Smarter Path to Safer...""",Ready for Screenshot
Switching Immunotherapy On Only Where It Matters: A Smarter Path to Safer...,drdeguzman.com,https://www.drdeguzman.com/PatientPortal/MyPractice.aspx?UAID=%7BA4570A36-6651-420C-A708-E5DD86940C4A%7D&TabID=%7BX%7D&ArticleID=NW-842910,"Switching Immunotherapy On Only Where It Matters: A Smarter Path to Safer Cancer Treatment. ""Cancer immunotherapy has transformed treatment for many patients ...","""Switching Immunotherapy On Only Where It Matters: A Smarter Path to Safer...""",Ready for Screenshot
Switching Immunotherapy On Only Where It Matters: A Smarter Path to Safer...,南臺灣科研產業化平台,https://gloria.nsysu.edu.tw/p/428-1380.php?Lang=en,Switching Immunotherapy On Only Where It Matters: A Smarter Path to Safer Cancer Treatment · When Materials Move with the Body: A Stretchable Platform ...,"""Switching Immunotherapy On Only Where It Matters: A Smarter Path to Safer...""",Ready for Screenshot
Switching Immunotherapy On Only Where It Matters: A Smarter Path to Safer...,Patient Pulse,https://www.healthbanks.com/PatientPortal/MyPractice.aspx?UAID=%7BDF0DAC52-E107-4CEB-A3C2-C9020F35D7A8%7D&TabID=%7BX%7D&ArticleID=NW-842910,"Switching Immunotherapy On Only Where It Matters: A Smarter Path to Safer Cancer Treatment. ""Cancer immunotherapy has transformed treatment for many patients ...","""Switching Immunotherapy On Only Where It Matters: A Smarter Path to Safer...""",Ready for Screenshot
How Hospitals Can Use AI Without Exposing Patient Data,FirstWord HealthTech,https://firstwordhealthtech.com/story/7095309,How Hospitals Can Use AI Without Exposing Patient Data. Press Release. By: Ref: Newswise. Published: 02/06/2026. How Hospitals Can Use AI Without Exposing ...,"""How Hospitals Can Use AI Without Exposing Patient Data""",Ready for Screenshot
How Hospitals Can Use AI Without Exposing Patient Data,jayfsullivanmd.com,http://www.jayfsullivanmd.com/PatientPortal/MyPractice.aspx?UAID=%7BCFEB0AA8-1639-4470-A6B5-19C34F62F882%7D&TabID=%7BX%7D&ArticleID=NW-842909,"How Hospitals Can Use AI Without Exposing Patient Data. ""Artificial intelligence is reshaping modern healthcare, but only if patients' trust can be preserved ...","""How Hospitals Can Use AI Without Exposing Patient Data""",Ready for Screenshot
How Hospitals Can Use AI Without Exposing Patient Data,crossroadspsychiatric.com,https://www.crossroadspsychiatric.com/PatientPortal/MyPractice.aspx?UAID=%7BDF2333FA-899B-4D06-ADFA-D1EF0658599C%7D&TabID=%7BX%7D&ArticleID=NW-842909,"How Hospitals Can Use AI Without Exposing Patient Data. ""Artificial intelligence is reshaping modern healthcare, but only if patients' trust can be preserved ...","""How Hospitals Can Use AI Without Exposing Patient Data""",Ready for Screenshot
How Hospitals Can Use AI Without Exposing Patient Data,angellstreetpsychiatry.com,https://www.angellstreetpsychiatry.com/PatientPortal/MyPractice.aspx?UAID=%7B1EAC0D88-68E5-4034-88CC-0458E17E0CEF%7D&TabID=%7BX%7D&ArticleID=NW-842909,"How Hospitals Can Use AI Without Exposing Patient Data. ""Artificial intelligence is reshaping modern healthcare, but only if patients' trust can be preserved ...","""How Hospitals Can Use AI Without Exposing Patient Data""",Ready for Screenshot
How Hospitals Can Use AI Without Exposing Patient Data,Wheatfield Pediatrics,https://www.wheatfieldpediatrics.com/PatientPortal/MyPractice.aspx?UAID=%7BD98EA5A3-84BB-42E5-A5D8-42A81EAB2BF6%7D&TabID=%7BX%7D&ArticleID=NW-842909,"How Hospitals Can Use AI Without Exposing Patient Data. ""Artificial intelligence is reshaping modern healthcare, but only if patients' trust can be preserved ...","""How Hospitals Can Use AI Without Exposing Patient Data""",Ready for Screenshot
How Hospitals Can Use AI Without Exposing Patient Data,Patient Pulse,https://www.healthbanks.com/PatientPortal/MyPractice.aspx?UAID=%7B3EB6A821-EC84-4DCB-93B0-6E7711065486%7D&TabID=%7BX%7D&ArticleID=NW-842909,"How Hospitals Can Use AI Without Exposing Patient Data. ""Artificial intelligence is reshaping modern healthcare, but only if patients' trust can be preserved ...","""How Hospitals Can Use AI Without Exposing Patient Data""",Ready for Screenshot
How Hospitals Can Use AI Without Exposing Patient Data,completefamilycareny.com,https://www.completefamilycareny.com/PatientPortal/MyPractice.aspx?UAID=%7B2F9F56E9-A172-4A93-9A0B-26748504C001%7D&TabID=%7BX%7D&ArticleID=NW-842909,"How Hospitals Can Use AI Without Exposing Patient Data. ""Artificial intelligence is reshaping modern healthcare, but only if patients' trust can be preserved ...","""How Hospitals Can Use AI Without Exposing Patient Data""",Ready for Screenshot
"When Materials Move with the Body: A Stretchable Platform for Sensing,...",jayfsullivanmd.com,http://www.jayfsullivanmd.com/PatientPortal/MyPractice.aspx?UAID=%7BCFEB0AA8-1639-4470-A6B5-19C34F62F882%7D&TabID=%7BX%7D&ArticleID=NW-842908,"When Materials Move with the Body: A Stretchable Platform for Sensing, Healing, and Recovery. ""What if a single material could stretch with the body, sense ...","""When Materials Move with the Body: A Stretchable Platform for Sensing,...""",Ready for Screenshot
"When Materials Move with the Body: A Stretchable Platform for Sensing,...",completefamilycareny.com,https://www.completefamilycareny.com/PatientPortal/MyPractice.aspx?UAID=%7B2F9F56E9-A172-4A93-9A0B-26748504C001%7D&TabID=%7BX%7D&ArticleID=NW-842908,"When Materials Move with the Body: A Stretchable Platform for Sensing, Healing, and Recovery. ""What if a single material could stretch with the body, sense ...","""When Materials Move with the Body: A Stretchable Platform for Sensing,...""",Ready for Screenshot
"When Materials Move with the Body: A Stretchable Platform for Sensing,...",drdeguzman.com,https://www.drdeguzman.com/PatientPortal/MyPractice.aspx?UAID=%7BA4570A36-6651-420C-A708-E5DD86940C4A%7D&TabID=%7BX%7D&ArticleID=NW-842908,"When Materials Move with the Body: A Stretchable Platform for Sensing, Healing, and Recovery. ""What if a single material could stretch with the body, sense ...","""When Materials Move with the Body: A Stretchable Platform for Sensing,...""",Ready for Screenshot
"When Materials Move with the Body: A Stretchable Platform for Sensing,...",南臺灣科研產業化平台,https://gloria.nsysu.edu.tw/p/428-1380.php?Lang=en,"When Materials Move with the Body: A Stretchable Platform for Sensing, Healing, and Recovery · How Hospitals Can Use AI Without Exposing Patient Data.","""When Materials Move with the Body: A Stretchable Platform for Sensing,...""",Ready for Screenshot
"When Materials Move with the Body: A Stretchable Platform for Sensing,...",445 Dolley Madison Road,https://www.crossroadspsychiatric.com/PatientPortal/MyPractice.aspx?UAID=%7BDF2333FA-899B-4D06-ADFA-D1EF0658599C%7D&TabID=%7BX%7D&ArticleID=NW-842908,"When Materials Move with the Body: A Stretchable Platform for Sensing, Healing, and Recovery. ""What if a single material could stretch with the body, sense ...","""When Materials Move with the Body: A Stretchable Platform for Sensing,...""",Ready for Screenshot
"When Materials Move with the Body: A Stretchable Platform for Sensing,...",Patient Pulse,https://www.healthbanks.com/PatientPortal/MyPractice.aspx?UAID=%7BBBAE39F8-5122-4ABE-8747-226F0E09FB70%7D&TabID=%7BX%7D&ArticleID=NW-842908,"When Materials Move with the Body: A Stretchable Platform for Sensing, Healing, and Recovery. ""What if a single material could stretch with the body, sense ...","""When Materials Move with the Body: A Stretchable Platform for Sensing,...""",Ready for Screenshot
"When Materials Move with the Body: A Stretchable Platform for Sensing,...",angellstreetpsychiatry.com,https://www.angellstreetpsychiatry.com/PatientPortal/MyPractice.aspx?UAID=%7B1EAC0D88-68E5-4034-88CC-0458E17E0CEF%7D&TabID=%7BX%7D&ArticleID=NW-842908,"When Materials Move with the Body: A Stretchable Platform for Sensing, Healing, and Recovery. ""What if a single material could stretch with the body, sense ...","""When Materials Move with the Body: A Stretchable Platform for Sensing,...""",Ready for Screenshot
